{
  "project_info": {
    "project_number": "712016840719",
    "firebase_url": "https://firechat-fa235.firebaseio.com",
    "project_id": "firechat-fa235",
    "storage_bucket": "firechat-fa235.appspot.com"
  },
  "client": [
    {
      "client_info": {
        "mobilesdk_app_id": "1:712016840719:android:39c2af0f9bf07a22d43b7a",
        "android_client_info": {
          "package_name": "com.example.firechat"
        }
      },
      "oauth_client": [
        {
          "client_id": "712016840719-hvhgb89fh5jhvcnvll62g49iggn8uc8p.apps.googleusercontent.com",
          "client_type": 3
        }
      ],
      "api_key": [
        {
          "current_key": "AIzaSyAZ4WRga9wvRzIpDb12daEZIOo_sdYierc"
        }
      ],
      "services": {
        "appinvite_service": {
          "other_platform_oauth_client": [
            {
              "client_id": "712016840719-hvhgb89fh5jhvcnvll62g49iggn8uc8p.apps.googleusercontent.com",
              "client_type": 3
            }
          ]
        }
      }
    },
    {
      "client_info": {
        "mobilesdk_app_id": "1:712016840719:android:fbdf06666c176408d43b7a",
        "android_client_info": {
          "package_name": "com.example.groupchatting"
        }
      },
      "oauth_client": [
        {
          "client_id": "712016840719-hvhgb89fh5jhvcnvll62g49iggn8uc8p.apps.googleusercontent.com",
          "client_type": 3
        }
      ],
      "api_key": [
        {
          "current_key": "AIzaSyAZ4WRga9wvRzIpDb12daEZIOo_sdYierc"
        }
      ],
      "services": {
        "appinvite_service": {
          "other_platform_oauth_client": [
            {
              "client_id": "712016840719-hvhgb89fh5jhvcnvll62g49iggn8uc8p.apps.googleusercontent.com",
              "client_type": 3
            }
          ]
        }
      }
    }
  ],
  "configuration_version": "1"
}